date,price,quantity
Aug 07 2020 01: +0,10.698,57688
Aug 08 2020 01: +0,6.926,48599
Aug 09 2020 01: +0,5.399,47728
Aug 10 2020 01: +0,4.416,45967
Aug 11 2020 01: +0,3.952,45196
Aug 12 2020 01: +0,3.643,43555
Aug 13 2020 01: +0,3.46,43070
Aug 14 2020 01: +0,3.298,46246
Aug 15 2020 01: +0,3.222,44554
Aug 16 2020 01: +0,2.758,47411
Aug 17 2020 01: +0,2.435,44304
Aug 18 2020 01: +0,2.316,48440
Aug 19 2020 01: +0,2.358,47738
Aug 20 2020 01: +0,2.37,45238
Aug 21 2020 01: +0,2.317,47635
Aug 22 2020 01: +0,2.439,46853
Aug 23 2020 01: +0,2.209,49366
Aug 24 2020 01: +0,2.047,49509
Aug 25 2020 01: +0,1.921,53898
Aug 26 2020 01: +0,1.915,48431
Aug 27 2020 01: +0,1.842,49525
Aug 28 2020 01: +0,1.867,51543
Aug 29 2020 01: +0,1.842,47715
Aug 30 2020 01: +0,1.684,50963
Aug 31 2020 01: +0,1.551,50976
Sep 01 2020 01: +0,1.548,45849
Sep 02 2020 01: +0,1.594,46272
Sep 03 2020 01: +0,1.568,44761
Sep 04 2020 01: +0,1.619,50004
Sep 05 2020 01: +0,1.525,49822
Sep 06 2020 01: +0,1.413,52068
Sep 07 2020 01: +0,1.406,47492
Sep 08 2020 01: +0,1.351,47045
Sep 09 2020 01: +0,1.326,48394
Sep 10 2020 01: +0,1.412,49090
Sep 11 2020 01: +0,1.433,52752
Sep 12 2020 01: +0,1.443,56072
Sep 13 2020 01: +0,1.408,52875
Sep 14 2020 01: +0,1.378,50716
Sep 15 2020 01: +0,1.424,50706
Sep 16 2020 01: +0,1.457,51649
Sep 17 2020 01: +0,1.455,47391
Sep 18 2020 01: +0,1.443,53882
Sep 19 2020 01: +0,1.429,58182
Sep 20 2020 01: +0,1.353,54431
Sep 21 2020 01: +0,1.285,49594
Sep 22 2020 01: +0,1.256,51432
Sep 23 2020 01: +0,1.265,51541
Sep 24 2020 01: +0,1.262,50498
Sep 25 2020 01: +0,1.273,56968
Sep 26 2020 01: +0,1.21,59816
Sep 27 2020 01: +0,1.01,62867
Sep 28 2020 01: +0,0.906,56351
Sep 29 2020 01: +0,0.884,58968
Sep 30 2020 01: +0,0.905,57990
Oct 01 2020 01: +0,0.972,59507
Oct 02 2020 01: +0,0.985,64938
Oct 03 2020 01: +0,0.94,65543
Oct 04 2020 01: +0,0.912,64935
Oct 05 2020 01: +0,0.908,58181
Oct 06 2020 01: +0,0.921,54526
Oct 07 2020 01: +0,0.934,57148
Oct 08 2020 01: +0,0.96,55674
Oct 09 2020 01: +0,0.979,60758
Oct 10 2020 01: +0,0.973,63035
Oct 11 2020 01: +0,0.966,60968
Oct 12 2020 01: +0,0.938,56964
Oct 13 2020 01: +0,0.939,54892
Oct 14 2020 01: +0,0.939,54239
Oct 15 2020 01: +0,0.952,53907
Oct 16 2020 01: +0,0.966,57271
Oct 17 2020 01: +0,0.955,64035
Oct 18 2020 01: +0,0.915,60667
Oct 19 2020 01: +0,0.866,53129
Oct 20 2020 01: +0,0.825,52251
Oct 21 2020 01: +0,0.835,57519
Oct 22 2020 01: +0,0.852,56468
Oct 23 2020 01: +0,0.865,61892
Oct 24 2020 01: +0,0.861,65099
Oct 25 2020 01: +0,0.788,61883
Oct 26 2020 01: +0,0.738,60004
Oct 27 2020 01: +0,0.722,58467
Oct 28 2020 01: +0,0.716,59984
Oct 29 2020 01: +0,0.72,61622
Oct 30 2020 01: +0,0.736,69660
Oct 31 2020 01: +0,0.744,66266
Nov 01 2020 01: +0,0.738,67356
Nov 02 2020 01: +0,0.746,47799
Nov 03 2020 01: +0,0.734,62412
Nov 04 2020 01: +0,0.739,62151
Nov 05 2020 01: +0,0.744,59766
Nov 06 2020 01: +0,0.773,65951
Nov 07 2020 01: +0,0.82,70370
Nov 08 2020 01: +0,0.792,65783
Nov 09 2020 01: +0,0.748,57902
Nov 10 2020 01: +0,0.741,60047
Nov 11 2020 01: +0,0.744,57391
Nov 12 2020 01: +0,0.741,57339
Nov 13 2020 01: +0,0.741,64769
Nov 14 2020 01: +0,0.743,67484
Nov 15 2020 01: +0,0.724,62885
Nov 16 2020 01: +0,0.678,61097
Nov 17 2020 01: +0,0.668,63159
Nov 18 2020 01: +0,0.649,60255
Nov 19 2020 01: +0,0.589,61483
Nov 20 2020 01: +0,0.61,69307
Nov 21 2020 01: +0,0.631,72118
Nov 22 2020 01: +0,0.623,69088
Nov 23 2020 01: +0,0.593,62138
Nov 24 2020 01: +0,0.555,58997
Nov 25 2020 01: +0,0.54,63869
Nov 26 2020 01: +0,0.536,69998
Nov 27 2020 01: +0,0.561,77220
Nov 28 2020 01: +0,0.581,79106
Nov 29 2020 01: +0,0.563,70534
Nov 30 2020 01: +0,0.55,68594
Dec 01 2020 01: +0,0.535,62251
Dec 02 2020 01: +0,0.554,63089
Dec 03 2020 01: +0,0.536,65570
Dec 04 2020 01: +0,0.262,71543
Dec 05 2020 01: +0,0.275,65130
Dec 06 2020 01: +0,0.258,64713
Dec 07 2020 01: +0,0.253,62203
Dec 08 2020 01: +0,0.244,59916
Dec 09 2020 01: +0,0.237,58163
Dec 10 2020 01: +0,0.245,61918
Dec 11 2020 01: +0,0.253,64818
Dec 12 2020 01: +0,0.246,67022
Dec 13 2020 01: +0,0.231,62035
Dec 14 2020 01: +0,0.221,58797
Dec 15 2020 01: +0,0.226,62812
Dec 16 2020 01: +0,0.225,63138
Dec 17 2020 01: +0,0.233,66133
Dec 18 2020 01: +0,0.243,68257
Dec 19 2020 01: +0,0.25,73846
Dec 20 2020 01: +0,0.257,72220
Dec 21 2020 01: +0,0.254,70651
Dec 22 2020 01: +0,0.255,78120
Dec 23 2020 01: +0,0.277,79065
Dec 24 2020 01: +0,0.308,79599
Dec 25 2020 01: +0,0.375,77211
Dec 26 2020 01: +0,0.382,76202
Dec 27 2020 01: +0,0.356,62656
Dec 28 2020 01: +0,0.344,72270
Dec 29 2020 01: +0,0.343,73618
Dec 30 2020 01: +0,0.355,79924
Dec 31 2020 01: +0,0.404,82752
Jan 01 2021 01: +0,0.484,77317
Jan 02 2021 01: +0,0.458,75074
Jan 03 2021 01: +0,0.445,74905
Jan 04 2021 01: +0,0.396,72263
Jan 05 2021 01: +0,0.368,70179
Jan 06 2021 01: +0,0.359,71643
Jan 07 2021 01: +0,0.365,72120
Jan 08 2021 01: +0,0.39,75469
Jan 09 2021 01: +0,0.43,77991
Jan 10 2021 01: +0,0.449,74301
Jan 11 2021 01: +0,0.447,71361
Jan 12 2021 01: +0,0.443,74947
Jan 13 2021 01: +0,0.467,74198
Jan 14 2021 01: +0,0.468,75222
Jan 15 2021 01: +0,0.473,78848
Jan 16 2021 01: +0,0.5,84736
Jan 17 2021 01: +0,0.498,77065
Jan 18 2021 01: +0,0.501,68156
Jan 19 2021 01: +0,0.496,68817
Jan 20 2021 01: +0,0.489,73301
Jan 21 2021 01: +0,0.493,67675
Jan 22 2021 01: +0,0.497,76070
Jan 23 2021 01: +0,0.498,74445
Jan 24 2021 01: +0,0.49,74803
Jan 25 2021 01: +0,0.482,69755
Jan 26 2021 01: +0,0.466,67058
Jan 27 2021 01: +0,0.45,71469
Jan 28 2021 01: +0,0.385,98876
Jan 29 2021 01: +0,0.426,91095
Jan 30 2021 01: +0,0.447,87010
Jan 31 2021 01: +0,0.435,83060
Feb 01 2021 01: +0,0.428,73577
Feb 02 2021 01: +0,0.425,73348
Feb 03 2021 01: +0,0.414,76745
Feb 04 2021 01: +0,0.417,72225
Feb 05 2021 01: +0,0.424,77944
Feb 06 2021 01: +0,0.433,82720
Feb 07 2021 01: +0,0.431,75133
Feb 08 2021 01: +0,0.421,73489
Feb 09 2021 01: +0,0.422,82169
Feb 10 2021 01: +0,0.416,83212
Feb 11 2021 01: +0,0.438,94184
Feb 12 2021 01: +0,0.443,91378
Feb 13 2021 01: +0,0.447,96616
Feb 14 2021 01: +0,0.436,83638
Feb 15 2021 01: +0,0.427,79325
Feb 16 2021 01: +0,0.437,76828
Feb 17 2021 01: +0,0.436,77210
Feb 18 2021 01: +0,0.431,75900
Feb 19 2021 01: +0,0.44,82233
Feb 20 2021 01: +0,0.455,90670
Feb 21 2021 01: +0,0.465,85709
Feb 22 2021 01: +0,0.471,84606
Feb 23 2021 01: +0,0.492,108633
Feb 24 2021 01: +0,0.534,106129
Feb 25 2021 01: +0,0.577,99338
Feb 26 2021 01: +0,0.618,100839
Feb 27 2021 01: +0,0.665,99403
Feb 28 2021 01: +0,0.668,90126
Mar 01 2021 01: +0,0.63,79198
Mar 02 2021 01: +0,0.607,75526
Mar 03 2021 01: +0,0.588,81823
Mar 04 2021 01: +0,0.585,78620
Mar 05 2021 01: +0,0.594,91892
Mar 06 2021 01: +0,0.619,96440
Mar 07 2021 01: +0,0.633,91354
Mar 08 2021 01: +0,0.613,79263
Mar 09 2021 01: +0,0.608,77595
Mar 10 2021 01: +0,0.602,80973
Mar 11 2021 01: +0,0.599,82956
Mar 12 2021 01: +0,0.602,89151
Mar 13 2021 01: +0,0.6,94730
Mar 14 2021 01: +0,0.583,81098
Mar 15 2021 01: +0,0.561,73984
Mar 16 2021 01: +0,0.547,81994
Mar 17 2021 01: +0,0.537,89324
Mar 18 2021 01: +0,0.548,86648
Mar 19 2021 01: +0,0.553,98006
Mar 20 2021 01: +0,0.559,96527
Mar 21 2021 01: +0,0.542,91011
Mar 22 2021 01: +0,0.54,85908
Mar 23 2021 01: +0,0.539,83083
Mar 24 2021 01: +0,0.547,84274
Mar 25 2021 01: +0,0.559,85161
Mar 26 2021 01: +0,0.568,92473
Mar 27 2021 01: +0,0.579,93627
Mar 28 2021 01: +0,0.573,91066
Mar 29 2021 01: +0,0.58,83740
Mar 30 2021 01: +0,0.574,78649
Mar 31 2021 01: +0,0.585,83289
Apr 01 2021 01: +0,0.597,84908
Apr 02 2021 01: +0,0.605,90829
Apr 03 2021 01: +0,0.607,91014
Apr 04 2021 01: +0,0.603,86601
Apr 05 2021 01: +0,0.61,81361
Apr 06 2021 01: +0,0.599,77410
Apr 07 2021 01: +0,0.565,74293
Apr 08 2021 01: +0,0.516,94803
Apr 09 2021 01: +0,0.521,119716
Apr 10 2021 01: +0,0.506,108614
Apr 11 2021 01: +0,0.49,92652
Apr 12 2021 01: +0,0.493,87020
Apr 13 2021 01: +0,0.489,80353
Apr 14 2021 01: +0,0.503,25930
Apr 15 2021 01: +0,0.498,99878
Apr 16 2021 01: +0,0.487,92152
Apr 17 2021 01: +0,0.487,90368
Apr 18 2021 01: +0,0.474,82017
Apr 19 2021 01: +0,0.459,80029
Apr 20 2021 01: +0,0.448,75012
Apr 21 2021 01: +0,0.444,75211
Apr 22 2021 01: +0,0.452,77181
Apr 23 2021 01: +0,0.466,87856
Apr 24 2021 01: +0,0.472,87404
Apr 25 2021 01: +0,0.466,82115
Apr 26 2021 01: +0,0.466,76745
Apr 27 2021 01: +0,0.468,73556
Apr 28 2021 01: +0,0.47,71974
Apr 29 2021 01: +0,0.469,70768
Apr 30 2021 01: +0,0.471,86127
May 01 2021 01: +0,0.473,80334
May 02 2021 01: +0,0.464,80430
May 03 2021 01: +0,0.455,81589
May 04 2021 01: +0,0.395,113580
May 05 2021 01: +0,0.388,95899
May 06 2021 01: +0,0.383,87456
May 07 2021 01: +0,0.396,92336
May 08 2021 01: +0,0.4,90929
May 09 2021 01: +0,0.397,86672
May 10 2021 01: +0,0.395,81951
May 11 2021 01: +0,0.389,80594
May 12 2021 01: +0,0.391,84834
May 13 2021 01: +0,0.388,80714
May 14 2021 01: +0,0.395,89592
May 15 2021 01: +0,0.4,96554
May 16 2021 01: +0,0.396,84773
May 17 2021 01: +0,0.385,73699
May 18 2021 01: +0,0.374,75045
May 19 2021 01: +0,0.361,73055
May 20 2021 01: +0,0.352,77575
May 21 2021 01: +0,0.353,81921
May 22 2021 01: +0,0.361,86681
May 23 2021 01: +0,0.349,80162
May 24 2021 01: +0,0.35,77813
May 25 2021 01: +0,0.348,72313
May 26 2021 01: +0,0.348,74457
May 27 2021 01: +0,0.349,76303
May 28 2021 01: +0,0.349,84367
May 29 2021 01: +0,0.349,84056
May 30 2021 01: +0,0.347,84573
May 31 2021 01: +0,0.347,79533
Jun 01 2021 01: +0,0.346,69356
Jun 02 2021 01: +0,0.347,72435
Jun 03 2021 01: +0,0.339,74504
Jun 04 2021 01: +0,0.36,105078
Jun 05 2021 01: +0,0.38,99460
Jun 06 2021 01: +0,0.356,76587
Jun 07 2021 01: +0,0.343,71390
Jun 08 2021 01: +0,0.342,70523
Jun 09 2021 01: +0,0.345,75749
Jun 10 2021 01: +0,0.342,71134
Jun 11 2021 01: +0,0.345,73238
Jun 12 2021 01: +0,0.345,78605
Jun 13 2021 01: +0,0.346,81056
Jun 14 2021 01: +0,0.343,73421
Jun 15 2021 01: +0,0.343,71803
Jun 16 2021 01: +0,0.338,67866
Jun 17 2021 01: +0,0.335,69436
Jun 18 2021 01: +0,0.333,71724
Jun 19 2021 01: +0,0.338,73012
Jun 20 2021 01: +0,0.329,71765
Jun 21 2021 01: +0,0.312,70089
Jun 22 2021 01: +0,0.304,71299
Jun 23 2021 01: +0,0.292,65348
Jun 24 2021 01: +0,0.269,73118
Jun 25 2021 01: +0,0.265,77006
Jun 26 2021 01: +0,0.261,73063
Jun 27 2021 01: +0,0.265,70679
Jun 28 2021 01: +0,0.258,70059
Jun 29 2021 01: +0,0.254,69165
Jun 30 2021 01: +0,0.248,66086
Jul 01 2021 01: +0,0.247,64563
Jul 02 2021 01: +0,0.251,67923
Jul 03 2021 01: +0,0.25,67211
Jul 04 2021 01: +0,0.241,64591
Jul 05 2021 01: +0,0.235,64440
Jul 06 2021 01: +0,0.227,64977
Jul 07 2021 01: +0,0.22,62992
Jul 08 2021 01: +0,0.207,59672
Jul 09 2021 01: +0,0.203,60023
Jul 10 2021 01: +0,0.206,60507
Jul 11 2021 01: +0,0.202,56494
Jul 12 2021 01: +0,0.19,57678
Jul 13 2021 01: +0,0.181,53992
Jul 14 2021 01: +0,0.183,65245
Jul 15 2021 01: +0,0.185,60382
Jul 16 2021 01: +0,0.19,61263
Jul 17 2021 01: +0,0.194,58126
Jul 18 2021 01: +0,0.19,56489
Jul 19 2021 01: +0,0.183,57970
Jul 20 2021 01: +0,0.185,55989
Jul 21 2021 01: +0,0.18,58216
Jul 22 2021 01: +0,0.177,55056
Jul 23 2021 01: +0,0.179,61535
Jul 24 2021 01: +0,0.182,60131
Jul 25 2021 01: +0,0.181,61334
Jul 26 2021 01: +0,0.18,58256
Jul 27 2021 01: +0,0.188,40239
Jul 28 2021 01: +0,0.188,65584
Jul 29 2021 01: +0,0.177,67825
Jul 30 2021 01: +0,0.18,70521
Jul 31 2021 01: +0,0.187,65539
Aug 01 2021 01: +0,0.188,64437
Aug 02 2021 01: +0,0.185,66570
Aug 03 2021 01: +0,0.189,63958
Aug 04 2021 01: +0,0.191,61281
Aug 05 2021 01: +0,0.203,61284
Aug 06 2021 01: +0,0.192,68793
Aug 07 2021 01: +0,0.189,66991
Aug 08 2021 01: +0,0.189,64155
Aug 09 2021 01: +0,0.182,62804
Aug 10 2021 01: +0,0.175,60820
Aug 11 2021 01: +0,0.171,59770
Aug 12 2021 01: +0,0.165,58471
Aug 13 2021 01: +0,0.166,64529
Aug 14 2021 01: +0,0.165,63510
Aug 15 2021 01: +0,0.165,60417
Aug 16 2021 01: +0,0.154,60765
Aug 17 2021 01: +0,0.151,58327
Aug 18 2021 01: +0,0.149,60118
Aug 19 2021 01: +0,0.147,60340
Aug 20 2021 01: +0,0.15,65393
Aug 21 2021 01: +0,0.153,64672
Aug 22 2021 01: +0,0.154,67431
Aug 23 2021 01: +0,0.154,62172
Aug 24 2021 01: +0,0.149,64199
Aug 25 2021 01: +0,0.148,63500
Aug 26 2021 01: +0,0.149,63535
Aug 27 2021 01: +0,0.151,68720
Aug 28 2021 01: +0,0.158,65925
Aug 29 2021 01: +0,0.154,59354
Aug 30 2021 01: +0,0.15,63391
Aug 31 2021 01: +0,0.155,63751
Sep 01 2021 01: +0,0.158,58667
Sep 02 2021 01: +0,0.164,59243
Sep 03 2021 01: +0,0.168,67125
Sep 04 2021 01: +0,0.168,71928
Sep 05 2021 01: +0,0.17,68197
Sep 06 2021 01: +0,0.166,58892
Sep 07 2021 01: +0,0.161,57449
Sep 08 2021 01: +0,0.154,54621
Sep 09 2021 01: +0,0.153,58031
Sep 10 2021 01: +0,0.151,71583
Sep 11 2021 01: +0,0.148,76014
Sep 12 2021 01: +0,0.151,76662
Sep 13 2021 01: +0,0.153,65131
Sep 14 2021 01: +0,0.147,58947
Sep 15 2021 01: +0,0.15,58184
Sep 16 2021 01: +0,0.149,66071
Sep 17 2021 01: +0,0.147,75093
Sep 18 2021 01: +0,0.147,75338
Sep 19 2021 01: +0,0.145,67942
Sep 20 2021 01: +0,0.144,60040
Sep 21 2021 01: +0,0.141,58128
Sep 22 2021 01: +0,0.102,94862
Sep 23 2021 01: +0,0.083,70822
Sep 24 2021 01: +0,0.08,64333
Sep 25 2021 01: +0,0.081,69940
Sep 26 2021 01: +0,0.083,61027
Sep 27 2021 01: +0,0.079,50728
Sep 28 2021 01: +0,0.077,56331
Sep 29 2021 01: +0,0.076,57380
Sep 30 2021 01: +0,0.072,53822
Oct 01 2021 01: +0,0.077,56971
Oct 02 2021 01: +0,0.075,64641
Oct 03 2021 01: +0,0.07,62580
Oct 04 2021 01: +0,0.067,51021
Oct 05 2021 01: +0,0.068,55332
Oct 06 2021 01: +0,0.062,55235
Oct 07 2021 01: +0,0.059,50976
Oct 08 2021 01: +0,0.064,56730
Oct 09 2021 01: +0,0.064,57224
Oct 10 2021 01: +0,0.061,51030
Oct 11 2021 01: +0,0.061,49168
Oct 12 2021 01: +0,0.06,48646
Oct 13 2021 01: +0,0.058,51450
Oct 14 2021 01: +0,0.056,51803
Oct 15 2021 01: +0,0.056,53847
Oct 16 2021 01: +0,0.055,61907
Oct 17 2021 01: +0,0.056,52154
Oct 18 2021 01: +0,0.056,47491
Oct 19 2021 01: +0,0.056,49752
Oct 20 2021 01: +0,0.057,49207
Oct 21 2021 01: +0,0.052,44517
Oct 22 2021 01: +0,0.047,71798
Oct 23 2021 01: +0,0.049,64714
Oct 24 2021 01: +0,0.045,51540
Oct 25 2021 01: +0,0.044,54080
Oct 26 2021 01: +0,0.044,50209
Oct 27 2021 01: +0,0.046,54938
Oct 28 2021 01: +0,0.042,56743
Oct 29 2021 01: +0,0.041,70099
Oct 30 2021 01: +0,0.042,64084
Oct 31 2021 01: +0,0.041,65059
Nov 01 2021 01: +0,0.042,55611
Nov 02 2021 01: +0,0.041,54945
Nov 03 2021 01: +0,0.039,61808
Nov 04 2021 01: +0,0.042,60206
Nov 05 2021 01: +0,0.042,52296
Nov 06 2021 01: +0,0.039,59582
Nov 07 2021 01: +0,0.041,62748
Nov 08 2021 01: +0,0.041,62062
Nov 09 2021 01: +0,0.039,61349
Nov 10 2021 01: +0,0.037,68016
Nov 11 2021 01: +0,0.038,61171
Nov 12 2021 01: +0,0.037,57008
Nov 13 2021 01: +0,0.037,60456
Nov 14 2021 01: +0,0.039,57850
Nov 15 2021 01: +0,0.038,49660
Nov 16 2021 01: +0,0.037,49789
Nov 17 2021 01: +0,0.039,54151
Nov 18 2021 01: +0,0.038,51406
Nov 19 2021 01: +0,0.036,55763
Nov 20 2021 01: +0,0.035,62313
Nov 21 2021 01: +0,0.038,58245
Nov 22 2021 01: +0,0.039,52910
Nov 23 2021 01: +0,0.039,51672
Nov 24 2021 01: +0,0.037,58103
Nov 25 2021 01: +0,0.039,64855
Nov 26 2021 01: +0,0.04,68572
Nov 27 2021 01: +0,0.039,65801
Nov 28 2021 01: +0,0.041,66775
Nov 29 2021 01: +0,0.042,62163
Nov 30 2021 01: +0,0.037,82938
Dec 01 2021 01: +0,0.038,71645
Dec 02 2021 01: +0,0.039,60145
Dec 03 2021 01: +0,0.043,74514
Dec 04 2021 01: +0,0.042,74131
Dec 05 2021 01: +0,0.042,76487
Dec 06 2021 01: +0,0.043,56114
Dec 07 2021 01: +0,0.042,56049
Dec 08 2021 01: +0,0.041,57253
Dec 09 2021 01: +0,0.043,52895
Dec 10 2021 01: +0,0.046,61937
Dec 11 2021 01: +0,0.045,69576
Dec 12 2021 01: +0,0.045,64816
Dec 13 2021 01: +0,0.045,53830
Dec 14 2021 01: +0,0.046,52371
Dec 15 2021 01: +0,0.042,57352
Dec 16 2021 01: +0,0.042,55462
Dec 17 2021 01: +0,0.043,55724
Dec 18 2021 01: +0,0.042,58106
Dec 19 2021 01: +0,0.041,59545
Dec 20 2021 01: +0,0.042,58522
Dec 21 2021 01: +0,0.044,58330
Dec 22 2021 01: +0,0.041,56338
Dec 23 2021 01: +0,0.039,59798
Dec 24 2021 01: +0,0.044,73617
Dec 25 2021 01: +0,0.048,70761
Dec 26 2021 01: +0,0.044,73154
Dec 27 2021 01: +0,0.044,70385
Dec 28 2021 01: +0,0.043,68281
Dec 29 2021 01: +0,0.043,77361
Dec 30 2021 01: +0,0.043,79483
Dec 31 2021 01: +0,0.047,73665
Jan 01 2022 01: +0,0.049,74582
Jan 02 2022 01: +0,0.045,68762
Jan 03 2022 01: +0,0.046,67573
Jan 04 2022 01: +0,0.043,61941
Jan 05 2022 01: +0,0.043,70666
Jan 06 2022 01: +0,0.047,103711
Jan 07 2022 01: +0,0.047,69293
Jan 08 2022 01: +0,0.056,78577
Jan 09 2022 01: +0,0.055,66579
Jan 10 2022 01: +0,0.057,65346
Jan 11 2022 01: +0,0.052,56496
Jan 12 2022 01: +0,0.054,63296
Jan 13 2022 01: +0,0.053,59421
Jan 14 2022 01: +0,0.054,81393
Jan 15 2022 01: +0,0.05,78484
Jan 16 2022 01: +0,0.05,74098
Jan 17 2022 01: +0,0.055,67218
Jan 18 2022 01: +0,0.052,66152
Jan 19 2022 01: +0,0.052,66153
Jan 20 2022 01: +0,0.054,69428
Jan 21 2022 01: +0,0.055,97215
Jan 22 2022 01: +0,0.055,100912
Jan 23 2022 01: +0,0.056,94113
Jan 24 2022 01: +0,0.054,73589
Jan 25 2022 01: +0,0.054,78472
Jan 26 2022 01: +0,0.056,79628
Jan 27 2022 01: +0,0.054,80880
Jan 28 2022 01: +0,0.052,98794
Jan 29 2022 01: +0,0.056,99523
Jan 30 2022 01: +0,0.056,95761
Jan 31 2022 01: +0,0.055,91294
Feb 01 2022 01: +0,0.056,87726
Feb 02 2022 01: +0,0.056,91801
Feb 03 2022 01: +0,0.053,85601
Feb 04 2022 01: +0,0.058,85050
Feb 05 2022 01: +0,0.058,88312
Feb 06 2022 01: +0,0.061,86069
Feb 07 2022 01: +0,0.057,72564
Feb 08 2022 01: +0,0.054,71990
Feb 09 2022 01: +0,0.054,72254
Feb 10 2022 01: +0,0.055,73018
Feb 11 2022 01: +0,0.054,82762
Feb 12 2022 01: +0,0.054,90032
Feb 13 2022 01: +0,0.052,78000
Feb 14 2022 01: +0,0.052,67541
Feb 15 2022 01: +0,0.053,65538
Feb 16 2022 01: +0,0.051,65375
Feb 17 2022 01: +0,0.053,66504
Feb 18 2022 01: +0,0.056,79059
Feb 19 2022 01: +0,0.054,82882
Feb 20 2022 01: +0,0.056,76528
Feb 21 2022 01: +0,0.052,65167
Feb 22 2022 01: +0,0.051,66611
Feb 23 2022 01: +0,0.052,69372
Feb 24 2022 01: +0,0.053,70085
Feb 25 2022 01: +0,0.056,71011
Feb 26 2022 01: +0,0.055,80501
Feb 27 2022 01: +0,0.053,77286
Feb 28 2022 01: +0,0.055,100144
Mar 01 2022 01: +0,0.054,133673
Mar 02 2022 01: +0,0.059,94435
Mar 03 2022 01: +0,0.055,86865
Mar 04 2022 01: +0,0.059,96075
Mar 05 2022 01: +0,0.063,98882
Mar 06 2022 01: +0,0.06,94494
Mar 07 2022 01: +0,0.059,90310
Mar 08 2022 01: +0,0.056,109629
Mar 09 2022 01: +0,0.06,85601
Mar 10 2022 01: +0,0.062,86561
Mar 11 2022 01: +0,0.064,74759
Mar 12 2022 01: +0,0.062,82391
Mar 13 2022 01: +0,0.06,83488
Mar 14 2022 01: +0,0.063,74308
Mar 15 2022 01: +0,0.062,75603
Mar 16 2022 01: +0,0.064,78604
Mar 17 2022 01: +0,0.064,80697
Mar 18 2022 01: +0,0.071,86525
Mar 19 2022 01: +0,0.068,96723
Mar 20 2022 01: +0,0.067,96269
Mar 21 2022 01: +0,0.076,94235
Mar 22 2022 01: +0,0.083,142142
Mar 23 2022 01: +0,0.102,153902
Mar 24 2022 01: +0,0.105,93197
Mar 25 2022 01: +0,0.095,85277
Mar 26 2022 01: +0,0.092,86536
Mar 27 2022 01: +0,0.089,89418
Mar 28 2022 01: +0,0.085,74149
Mar 29 2022 01: +0,0.083,79959
Mar 30 2022 01: +0,0.083,73530
Mar 31 2022 01: +0,0.092,78888
Apr 01 2022 01: +0,0.098,79953
Apr 02 2022 01: +0,0.098,91974
Apr 03 2022 01: +0,0.094,95696
Apr 04 2022 01: +0,0.095,74015
Apr 05 2022 01: +0,0.096,84883
Apr 06 2022 01: +0,0.107,85604
Apr 07 2022 01: +0,0.111,87510
Apr 08 2022 01: +0,0.119,93590
Apr 09 2022 01: +0,0.118,108129
Apr 10 2022 01: +0,0.124,97927
Apr 11 2022 01: +0,0.122,87351
Apr 12 2022 01: +0,0.117,77100
Apr 13 2022 01: +0,0.114,72781
Apr 14 2022 01: +0,0.11,81316
Apr 15 2022 01: +0,0.109,90733
Apr 16 2022 01: +0,0.111,88258
Apr 17 2022 01: +0,0.111,81202
Apr 18 2022 01: +0,0.111,73306
Apr 19 2022 01: +0,0.11,67113
Apr 20 2022 01: +0,0.112,66786
Apr 21 2022 01: +0,0.109,70940
Apr 22 2022 01: +0,0.109,81017
Apr 23 2022 01: +0,0.105,87044
Apr 24 2022 01: +0,0.112,93986
Apr 25 2022 01: +0,0.109,69146
Apr 26 2022 01: +0,0.109,77604
Apr 27 2022 01: +0,0.109,70355
Apr 28 2022 01: +0,0.111,75383
Apr 29 2022 01: +0,0.112,80869
Apr 30 2022 01: +0,0.114,87553
May 01 2022 01: +0,0.111,86980
May 02 2022 01: +0,0.111,84394
May 03 2022 01: +0,0.11,78462
May 04 2022 01: +0,0.099,117763
May 05 2022 01: +0,0.098,78667
May 06 2022 01: +0,0.099,85721
May 07 2022 01: +0,0.1,77531
May 08 2022 01: +0,0.097,81841
May 09 2022 01: +0,0.097,67975
May 10 2022 01: +0,0.093,67726
May 11 2022 01: +0,0.092,76567
May 12 2022 01: +0,0.093,70268
May 13 2022 01: +0,0.093,75839
May 14 2022 01: +0,0.092,79287
May 15 2022 01: +0,0.095,82256
May 16 2022 01: +0,0.091,62700
May 17 2022 01: +0,0.092,68401
May 18 2022 01: +0,0.091,75533
May 19 2022 01: +0,0.093,72760
May 20 2022 01: +0,0.099,75683
May 21 2022 01: +0,0.096,78986
May 22 2022 01: +0,0.096,80675
May 23 2022 01: +0,0.094,70729
May 24 2022 01: +0,0.093,69107
May 25 2022 01: +0,0.094,74556
May 26 2022 01: +0,0.095,75477
May 27 2022 01: +0,0.095,78029
May 28 2022 01: +0,0.096,79468
May 29 2022 01: +0,0.095,87359
May 30 2022 01: +0,0.097,71210
May 31 2022 01: +0,0.096,73971
Jun 01 2022 01: +0,0.103,82272
Jun 02 2022 01: +0,0.103,78204
Jun 03 2022 01: +0,0.104,114847
Jun 04 2022 01: +0,0.102,103239
Jun 05 2022 01: +0,0.099,97863
Jun 06 2022 01: +0,0.102,89361
Jun 07 2022 01: +0,0.102,76934
Jun 08 2022 01: +0,0.1,71048
Jun 09 2022 01: +0,0.104,81066
Jun 10 2022 01: +0,0.105,88266
Jun 11 2022 01: +0,0.1,80272
Jun 12 2022 01: +0,0.096,76244
Jun 13 2022 01: +0,0.103,87349
Jun 14 2022 01: +0,0.096,71666
Jun 15 2022 01: +0,0.093,70672
Jun 16 2022 01: +0,0.093,81993
Jun 17 2022 01: +0,0.092,76702
Jun 18 2022 01: +0,0.091,75651
Jun 19 2022 01: +0,0.09,76549
Jun 20 2022 01: +0,0.088,75767
Jun 21 2022 01: +0,0.088,74173
Jun 22 2022 01: +0,0.085,70623
Jun 23 2022 01: +0,0.083,69536
Jun 24 2022 01: +0,0.08,77248
Jun 25 2022 01: +0,0.081,79582
Jun 26 2022 01: +0,0.077,75186
Jun 27 2022 01: +0,0.078,84960
Jun 28 2022 01: +0,0.076,70658
Jun 29 2022 01: +0,0.074,72626
Jun 30 2022 01: +0,0.073,68560
Jul 01 2022 01: +0,0.079,83938
Jul 02 2022 01: +0,0.08,102938
Jul 03 2022 01: +0,0.08,85455
Jul 04 2022 01: +0,0.079,84381
Jul 05 2022 01: +0,0.079,96633
Jul 06 2022 01: +0,0.075,91134
Jul 07 2022 01: +0,0.082,85731
Jul 08 2022 01: +0,0.085,81613
Jul 09 2022 01: +0,0.087,97141
Jul 10 2022 01: +0,0.087,91694
Jul 11 2022 01: +0,0.086,85720
Jul 12 2022 01: +0,0.089,92169
Jul 13 2022 01: +0,0.095,81247
Jul 14 2022 01: +0,0.095,84722
Jul 15 2022 01: +0,0.097,103823
Jul 16 2022 01: +0,0.102,89195
Jul 17 2022 01: +0,0.103,89236
Jul 18 2022 01: +0,0.105,86587
Jul 19 2022 01: +0,0.105,89389
Jul 20 2022 01: +0,0.108,77754
Jul 21 2022 01: +0,0.105,93151
Jul 22 2022 01: +0,0.105,85230
Jul 23 2022 01: +0,0.108,90795
Jul 24 2022 01: +0,0.11,101100
Jul 25 2022 01: +0,0.112,106158
Jul 26 2022 01: +0,0.116,100908
Jul 27 2022 01: +0,0.118,100863
Jul 28 2022 01: +0,0.13,125570
Jul 29 2022 01: +0,0.147,113318
Jul 30 2022 01: +0,0.154,108099
Jul 31 2022 01: +0,0.144,101909
Aug 01 2022 01: +0,0.141,89183
Aug 02 2022 01: +0,0.139,96093
Aug 03 2022 01: +0,0.142,95134
Aug 04 2022 01: +0,0.14,89473
Aug 05 2022 01: +0,0.142,100595
Aug 06 2022 01: +0,0.146,98989
Aug 07 2022 01: +0,0.144,111811
Aug 08 2022 01: +0,0.152,104480
Aug 09 2022 01: +0,0.156,59231
Aug 10 2022 01: +0,0.154,99407
Aug 11 2022 01: +0,0.154,90339
Aug 12 2022 01: +0,0.156,91007
Aug 13 2022 01: +0,0.157,91497
Aug 14 2022 01: +0,0.157,100731
Aug 15 2022 01: +0,0.154,87001
Aug 16 2022 01: +0,0.148,86591
Aug 17 2022 01: +0,0.139,105269
Aug 18 2022 01: +0,0.135,89851
Aug 19 2022 01: +0,0.135,96669
Aug 20 2022 01: +0,0.138,93119
Aug 21 2022 01: +0,0.14,92088
Aug 22 2022 01: +0,0.139,83342
Aug 23 2022 01: +0,0.14,81672
Aug 24 2022 01: +0,0.139,83912
Aug 25 2022 01: +0,0.139,93213
Aug 26 2022 01: +0,0.143,86954
Aug 27 2022 01: +0,0.143,85679
Aug 28 2022 01: +0,0.146,92105
Aug 29 2022 01: +0,0.143,84517
Aug 30 2022 01: +0,0.142,85317
Aug 31 2022 01: +0,0.142,91423
Sep 01 2022 01: +0,0.139,83676
Sep 02 2022 01: +0,0.139,99116
Sep 03 2022 01: +0,0.142,96189
Sep 04 2022 01: +0,0.156,177262
Sep 05 2022 01: +0,0.177,126871
Sep 06 2022 01: +0,0.179,109405
Sep 07 2022 01: +0,0.187,118968
Sep 08 2022 01: +0,0.206,116254
Sep 09 2022 01: +0,0.199,102473
Sep 10 2022 01: +0,0.184,106055
Sep 11 2022 01: +0,0.179,106125
Sep 12 2022 01: +0,0.171,85429
Sep 13 2022 01: +0,0.174,77109
Sep 14 2022 01: +0,0.18,106237
Sep 15 2022 01: +0,0.188,95512
Sep 16 2022 01: +0,0.183,93517
Sep 17 2022 01: +0,0.182,104010
Sep 18 2022 01: +0,0.175,93866
Sep 19 2022 01: +0,0.17,78416
Sep 20 2022 01: +0,0.17,81466
Sep 21 2022 01: +0,0.168,78644
Sep 22 2022 01: +0,0.163,77761
Sep 23 2022 01: +0,0.164,82906
Sep 24 2022 01: +0,0.171,102077
Sep 25 2022 01: +0,0.171,93794
Sep 26 2022 01: +0,0.173,78053
Sep 27 2022 01: +0,0.173,72035
Sep 28 2022 01: +0,0.168,76663
Sep 29 2022 01: +0,0.167,75394
Sep 30 2022 01: +0,0.171,89707
Oct 01 2022 01: +0,0.169,95925
Oct 02 2022 01: +0,0.166,94999
Oct 03 2022 01: +0,0.168,83520
Oct 04 2022 01: +0,0.166,74295
Oct 05 2022 01: +0,0.164,72687
Oct 06 2022 01: +0,0.162,66298
Oct 07 2022 01: +0,0.161,77580
Oct 08 2022 01: +0,0.161,79510
Oct 09 2022 01: +0,0.16,82354
Oct 10 2022 01: +0,0.162,76102
Oct 11 2022 01: +0,0.163,70732
Oct 12 2022 01: +0,0.159,66160
Oct 13 2022 01: +0,0.157,82997
Oct 14 2022 01: +0,0.153,59595
Oct 15 2022 01: +0,0.153,93947
Oct 16 2022 01: +0,0.15,76966
Oct 17 2022 01: +0,0.153,73074
Oct 18 2022 01: +0,0.15,63193
Oct 19 2022 01: +0,0.147,62523
Oct 20 2022 01: +0,0.148,64975
Oct 21 2022 01: +0,0.148,79989
Oct 22 2022 01: +0,0.14,108529
Oct 23 2022 01: +0,0.14,92678
Oct 24 2022 01: +0,0.137,70945
Oct 25 2022 01: +0,0.14,71462
Oct 26 2022 01: +0,0.135,70100
Oct 27 2022 01: +0,0.132,73424
Oct 28 2022 01: +0,0.133,74263
Oct 29 2022 01: +0,0.132,86347
Oct 30 2022 01: +0,0.131,87163
Oct 31 2022 01: +0,0.131,74624
Nov 01 2022 01: +0,0.131,69149
Nov 02 2022 01: +0,0.131,71380
Nov 03 2022 01: +0,0.134,68976
Nov 04 2022 01: +0,0.135,77953
Nov 05 2022 01: +0,0.142,83967
Nov 06 2022 01: +0,0.143,79421
Nov 07 2022 01: +0,0.14,66003
Nov 08 2022 01: +0,0.14,65431
Nov 09 2022 01: +0,0.139,66249
Nov 10 2022 01: +0,0.139,72442
Nov 11 2022 01: +0,0.145,76336
Nov 12 2022 01: +0,0.144,81578
Nov 13 2022 01: +0,0.142,83020
Nov 14 2022 01: +0,0.14,69769
Nov 15 2022 01: +0,0.138,69737
Nov 16 2022 01: +0,0.131,65851
Nov 17 2022 01: +0,0.133,68257
Nov 18 2022 01: +0,0.131,75938
Nov 19 2022 01: +0,0.13,94532
Nov 20 2022 01: +0,0.129,80394
Nov 21 2022 01: +0,0.147,126967
Nov 22 2022 01: +0,0.173,171529
Nov 23 2022 01: +0,0.173,111943
Nov 24 2022 01: +0,0.146,82841
Nov 25 2022 01: +0,0.139,82872
Nov 26 2022 01: +0,0.142,92058
Nov 27 2022 01: +0,0.141,88743
Nov 28 2022 01: +0,0.139,75389
Nov 29 2022 01: +0,0.138,70287
Nov 30 2022 01: +0,0.143,68632
Dec 01 2022 01: +0,0.143,66138
Dec 02 2022 01: +0,0.149,70562
Dec 03 2022 01: +0,0.151,81605
Dec 04 2022 01: +0,0.151,81027
Dec 05 2022 01: +0,0.156,74034
Dec 06 2022 01: +0,0.158,70314
Dec 07 2022 01: +0,0.165,81738
Dec 08 2022 01: +0,0.158,68012
Dec 09 2022 01: +0,0.16,69056
Dec 10 2022 01: +0,0.161,84724
Dec 11 2022 01: +0,0.156,78477
Dec 12 2022 01: +0,0.155,65031
Dec 13 2022 01: +0,0.153,68489
Dec 14 2022 01: +0,0.153,76217
Dec 15 2022 01: +0,0.154,69335
Dec 16 2022 01: +0,0.154,77651
Dec 17 2022 01: +0,0.154,82321
Dec 18 2022 01: +0,0.151,79245
Dec 19 2022 01: +0,0.152,72075
Dec 20 2022 01: +0,0.153,71551
Dec 21 2022 01: +0,0.154,71814
Dec 22 2022 01: +0,0.153,83571
Dec 23 2022 01: +0,0.15,107017
Dec 24 2022 01: +0,0.155,104673
Dec 25 2022 01: +0,0.156,101904
Dec 26 2022 01: +0,0.158,92294
Dec 27 2022 01: +0,0.159,95234
Dec 28 2022 01: +0,0.162,89313
Dec 29 2022 01: +0,0.165,94915
Dec 30 2022 01: +0,0.164,92287
Dec 31 2022 01: +0,0.17,94989
Jan 01 2023 01: +0,0.171,85856
Jan 02 2023 01: +0,0.166,91122
Jan 03 2023 01: +0,0.164,85601
Jan 04 2023 01: +0,0.162,88145
Jan 05 2023 01: +0,0.164,85772
Jan 06 2023 01: +0,0.168,89784
Jan 07 2023 01: +0,0.174,105894
Jan 08 2023 01: +0,0.168,85125
Jan 09 2023 01: +0,0.164,74435
Jan 10 2023 01: +0,0.168,79811
Jan 11 2023 01: +0,0.175,81357
Jan 12 2023 01: +0,0.177,79045
Jan 13 2023 01: +0,0.184,95316
Jan 14 2023 01: +0,0.179,83923
Jan 15 2023 01: +0,0.18,94657
Jan 16 2023 01: +0,0.185,76451
Jan 17 2023 01: +0,0.184,74593
Jan 18 2023 01: +0,0.185,79235
Jan 19 2023 01: +0,0.182,74989
Jan 20 2023 01: +0,0.18,81692
Jan 21 2023 01: +0,0.183,99291
Jan 22 2023 01: +0,0.185,98844
Jan 23 2023 01: +0,0.182,80952
Jan 24 2023 01: +0,0.18,77080
Jan 25 2023 01: +0,0.185,84540
Jan 26 2023 01: +0,0.184,81652
Jan 27 2023 01: +0,0.185,90393
Jan 28 2023 01: +0,0.185,96209
Jan 29 2023 01: +0,0.184,96736
Jan 30 2023 01: +0,0.184,83217
Jan 31 2023 01: +0,0.188,90917
Feb 01 2023 01: +0,0.189,85122
Feb 02 2023 01: +0,0.19,88567
Feb 03 2023 01: +0,0.196,95211
Feb 04 2023 01: +0,0.199,121055
Feb 05 2023 01: +0,0.201,107245
Feb 06 2023 01: +0,0.201,85670
Feb 07 2023 01: +0,0.2,89596
Feb 08 2023 01: +0,0.201,95860
Feb 09 2023 01: +0,0.201,83231
Feb 10 2023 01: +0,0.193,170838
Feb 11 2023 01: +0,0.19,148859
Feb 12 2023 01: +0,0.19,137956
Feb 13 2023 01: +0,0.193,117769
Feb 14 2023 01: +0,0.195,123107
Feb 15 2023 01: +0,0.199,124217
Feb 16 2023 01: +0,0.209,136319
Feb 17 2023 01: +0,0.217,151745
Feb 18 2023 01: +0,0.229,167881
Feb 19 2023 01: +0,0.225,149763
Feb 20 2023 01: +0,0.228,120047
Feb 21 2023 01: +0,0.223,116241
Feb 22 2023 01: +0,0.223,116881
Feb 23 2023 01: +0,0.222,116638
Feb 24 2023 01: +0,0.224,134714
Feb 25 2023 01: +0,0.239,149645
Feb 26 2023 01: +0,0.243,133150
Feb 27 2023 01: +0,0.251,115294
Feb 28 2023 01: +0,0.254,121792
Mar 01 2023 01: +0,0.264,121749
Mar 02 2023 01: +0,0.285,188028
Mar 03 2023 01: +0,0.311,170420
Mar 04 2023 01: +0,0.299,150282
Mar 05 2023 01: +0,0.28,146357
Mar 06 2023 01: +0,0.285,123730
Mar 07 2023 01: +0,0.296,124799
Mar 08 2023 01: +0,0.3,126482
Mar 09 2023 01: +0,0.324,137978
Mar 10 2023 01: +0,0.343,138664
Mar 11 2023 01: +0,0.353,150113
Mar 12 2023 01: +0,0.351,154830
Mar 13 2023 01: +0,0.361,133078
Mar 14 2023 01: +0,0.382,141747
Mar 15 2023 01: +0,0.402,144846
Mar 16 2023 01: +0,0.437,178641
Mar 17 2023 01: +0,0.413,180679
Mar 18 2023 01: +0,0.379,160858
Mar 19 2023 01: +0,0.368,163939
Mar 20 2023 01: +0,0.36,141207
Mar 21 2023 01: +0,0.351,127629
Mar 22 2023 01: +0,0.375,215674
Mar 23 2023 01: +0,0.416,185188
Mar 24 2023 01: +0,0.425,189117
Mar 25 2023 01: +0,0.463,219502
Mar 26 2023 01: +0,0.497,235279
Mar 27 2023 01: +0,0.558,219636
Mar 28 2023 01: +0,0.584,192249
Mar 29 2023 01: +0,0.561,178401
Mar 30 2023 01: +0,0.585,151415
Mar 31 2023 01: +0,0.684,177220
Apr 01 2023 01: +0,0.725,216691
Apr 02 2023 01: +0,0.728,212105
Apr 03 2023 01: +0,0.693,192941
Apr 04 2023 01: +0,0.686,185256
Apr 05 2023 01: +0,0.699,173641
Apr 06 2023 01: +0,0.718,189437
Apr 07 2023 01: +0,0.768,181601
Apr 08 2023 01: +0,0.836,195104
Apr 09 2023 01: +0,0.866,211303
Apr 10 2023 01: +0,0.884,187669
Apr 11 2023 01: +0,0.865,170185
Apr 12 2023 01: +0,0.839,169146
Apr 13 2023 01: +0,0.842,169359
Apr 14 2023 01: +0,0.901,185571
Apr 15 2023 01: +0,1.012,180475
Apr 16 2023 01: +0,1.128,171970
Apr 17 2023 01: +0,1.134,185763
Apr 18 2023 01: +0,1.203,171679
Apr 19 2023 01: +0,1.154,147892
Apr 20 2023 01: +0,1.021,229988
Apr 21 2023 01: +0,0.986,203794
Apr 22 2023 01: +0,0.962,198316
Apr 23 2023 01: +0,0.816,233150
Apr 24 2023 01: +0,0.775,187505
Apr 25 2023 01: +0,0.688,224031
Apr 26 2023 01: +0,0.612,184238
Apr 27 2023 01: +0,0.747,169343
Apr 28 2023 01: +0,0.827,175353
Apr 29 2023 01: +0,0.823,179972
Apr 30 2023 01: +0,0.806,163922
May 01 2023 01: +0,0.74,153520
May 02 2023 01: +0,0.718,141447
May 03 2023 01: +0,0.731,151137
May 04 2023 01: +0,0.755,140120
May 05 2023 01: +0,0.67,205530
May 06 2023 01: +0,0.689,181910
May 07 2023 01: +0,0.65,168174
May 08 2023 01: +0,0.584,160660
May 09 2023 01: +0,0.59,141783
May 10 2023 01: +0,0.623,141578
May 11 2023 01: +0,0.642,135829
May 12 2023 01: +0,0.646,155016
May 13 2023 01: +0,0.664,156101
May 14 2023 01: +0,0.646,147877
May 15 2023 01: +0,0.639,126387
May 16 2023 01: +0,0.632,125381
May 17 2023 01: +0,0.629,133641
May 18 2023 01: +0,0.629,137259
May 19 2023 01: +0,0.621,138082
May 20 2023 01: +0,0.617,148954
May 21 2023 01: +0,0.613,151098
May 22 2023 01: +0,0.601,131886
May 23 2023 01: +0,0.586,131223
May 24 2023 01: +0,0.583,132935
May 25 2023 01: +0,0.613,136554
May 26 2023 01: +0,0.639,158010
May 27 2023 01: +0,0.643,151739
May 28 2023 01: +0,0.65,142238
May 29 2023 01: +0,0.651,135226
May 30 2023 01: +0,0.652,121263
May 31 2023 01: +0,0.657,133047
Jun 01 2023 01: +0,0.676,134985
Jun 02 2023 01: +0,0.688,143924
Jun 03 2023 01: +0,0.705,138655
Jun 04 2023 01: +0,0.708,131573
Jun 05 2023 01: +0,0.698,116066
Jun 06 2023 01: +0,0.689,119152
Jun 07 2023 01: +0,0.681,123860
Jun 08 2023 01: +0,0.684,124176
Jun 09 2023 01: +0,0.692,140709
Jun 10 2023 01: +0,0.789,218712
Jun 11 2023 01: +0,0.774,121578
Jun 12 2023 01: +0,0.762,104283
Jun 13 2023 01: +0,0.797,95245
Jun 14 2023 01: +0,0.761,126523
Jun 15 2023 01: +0,0.75,116002
Jun 16 2023 01: +0,0.759,104285
Jun 17 2023 01: +0,0.778,108164
Jun 18 2023 01: +0,0.772,97897
Jun 19 2023 01: +0,0.759,90228
Jun 20 2023 01: +0,0.754,82025
Jun 21 2023 01: +0,0.699,117609
Jun 22 2023 01: +0,0.675,105598
Jun 23 2023 01: +0,0.645,130330
Jun 24 2023 01: +0,0.663,108109
Jun 25 2023 01: +0,0.676,92266
Jun 26 2023 01: +0,0.675,85378
Jun 27 2023 01: +0,0.68,81852
Jun 28 2023 01: +0,0.646,127480
Jun 29 2023 01: +0,0.616,121660
Jun 30 2023 01: +0,0.588,123324
Jul 01 2023 01: +0,0.598,108986
Jul 02 2023 01: +0,0.596,103402
Jul 03 2023 01: +0,0.597,90314
Jul 04 2023 01: +0,0.629,95394
Jul 05 2023 01: +0,0.62,132005
Jul 06 2023 01: +0,0.602,108261
Jul 07 2023 01: +0,0.603,105724
Jul 08 2023 01: +0,0.614,103226
Jul 09 2023 01: +0,0.606,90457
Jul 10 2023 01: +0,0.606,80885
Jul 11 2023 01: +0,0.615,77175
Jul 12 2023 01: +0,0.589,121694
Jul 13 2023 01: +0,0.582,103579
Jul 14 2023 01: +0,0.619,94391
Jul 15 2023 01: +0,0.659,94348
Jul 16 2023 01: +0,0.664,86767
Jul 17 2023 01: +0,0.671,77000
Jul 18 2023 01: +0,0.677,75518
Jul 19 2023 01: +0,0.625,117352
Jul 20 2023 01: +0,0.606,95284
Jul 21 2023 01: +0,0.633,88931
Jul 22 2023 01: +0,0.669,97877
Jul 23 2023 01: +0,0.671,92833
Jul 24 2023 01: +0,0.675,79342
Jul 25 2023 01: +0,0.672,85070
Jul 26 2023 01: +0,0.632,119413
Jul 27 2023 01: +0,0.631,101156
Jul 28 2023 01: +0,0.645,97377
Jul 29 2023 01: +0,0.658,98296
Jul 30 2023 01: +0,0.663,92960
Jul 31 2023 01: +0,0.679,88217
Aug 01 2023 01: +0,0.686,80371
Aug 02 2023 01: +0,0.642,117142
Aug 03 2023 01: +0,0.632,99592
Aug 04 2023 01: +0,0.64,93183
Aug 05 2023 01: +0,0.649,94130
Aug 06 2023 01: +0,0.638,87822
Aug 07 2023 01: +0,0.635,81352
Aug 08 2023 01: +0,0.625,74518
Aug 09 2023 01: +0,0.591,113486
Aug 10 2023 01: +0,0.571,95085
Aug 11 2023 01: +0,0.587,91723
Aug 12 2023 01: +0,0.604,87499
Aug 13 2023 01: +0,0.609,84474
Aug 14 2023 01: +0,0.611,74404
Aug 15 2023 01: +0,0.611,71959
Aug 16 2023 01: +0,0.578,111446
Aug 17 2023 01: +0,0.582,97093
Aug 18 2023 01: +0,0.599,96309
Aug 19 2023 01: +0,0.616,95186
Aug 20 2023 01: +0,0.62,86511
Aug 21 2023 01: +0,0.619,73347
Aug 22 2023 01: +0,0.607,63973
Aug 23 2023 01: +0,0.563,109390
Aug 24 2023 01: +0,0.563,96142
Aug 25 2023 01: +0,0.589,88285
Aug 26 2023 01: +0,0.604,89584
Aug 27 2023 01: +0,0.601,81083
Aug 28 2023 01: +0,0.606,70836
Aug 29 2023 01: +0,0.606,73407
Aug 30 2023 01: +0,0.576,118160
Aug 31 2023 01: +0,0.575,103064
Sep 01 2023 01: +0,0.598,99524
Sep 02 2023 01: +0,0.607,109455
Sep 03 2023 01: +0,0.624,98553
Sep 04 2023 01: +0,0.621,89763
Sep 05 2023 01: +0,0.615,76562
Sep 06 2023 01: +0,0.578,126358
Sep 07 2023 01: +0,0.579,113705
Sep 08 2023 01: +0,0.601,106888
Sep 09 2023 01: +0,0.61,110587
Sep 10 2023 01: +0,0.61,100566
Sep 11 2023 01: +0,0.612,80913
Sep 12 2023 01: +0,0.617,75986
Sep 13 2023 01: +0,0.591,125151
Sep 14 2023 01: +0,0.592,108750
Sep 15 2023 01: +0,0.602,105179
Sep 16 2023 01: +0,0.609,109751
Sep 17 2023 01: +0,0.615,102132
Sep 18 2023 01: +0,0.616,79367
Sep 19 2023 01: +0,0.615,74339
Sep 20 2023 01: +0,0.584,112823
Sep 21 2023 01: +0,0.592,99055
Sep 22 2023 01: +0,0.607,97877
Sep 23 2023 01: +0,0.616,97867
Sep 24 2023 01: +0,0.618,89811
Sep 25 2023 01: +0,0.62,79904
Sep 26 2023 01: +0,0.636,76301
Sep 27 2023 01: +0,0.629,187709
Sep 28 2023 01: +0,0.67,251992
Sep 29 2023 01: +0,0.7,214121
Sep 30 2023 01: +0,0.708,208898
Oct 01 2023 01: +0,0.738,190360
Oct 02 2023 01: +0,0.774,161042
Oct 03 2023 01: +0,0.785,150323
Oct 04 2023 01: +0,0.721,186192
Oct 05 2023 01: +0,0.717,167084
Oct 06 2023 01: +0,0.758,177675
Oct 07 2023 01: +0,0.784,190445
Oct 08 2023 01: +0,0.793,162999
Oct 09 2023 01: +0,0.808,142887
Oct 10 2023 01: +0,0.808,136816
Oct 11 2023 01: +0,0.762,176524
Oct 12 2023 01: +0,0.775,153313
Oct 13 2023 01: +0,0.807,167864
Oct 14 2023 01: +0,0.833,168773
Oct 15 2023 01: +0,0.85,147727
Oct 16 2023 01: +0,0.86,124246
Oct 17 2023 01: +0,0.864,120621
Oct 18 2023 01: +0,0.811,166500
Oct 19 2023 01: +0,0.804,138785
Oct 20 2023 01: +0,0.827,141128
Oct 21 2023 01: +0,0.834,147746
Oct 22 2023 01: +0,0.835,130250
Oct 23 2023 01: +0,0.831,104664
Oct 24 2023 01: +0,0.821,100406
Oct 25 2023 01: +0,0.768,151495
Oct 26 2023 01: +0,0.751,131127
Oct 27 2023 01: +0,0.756,133737
Oct 28 2023 01: +0,0.766,127386
Oct 29 2023 01: +0,0.75,113109
Oct 30 2023 01: +0,0.751,95932
Oct 31 2023 01: +0,0.761,99510
Nov 01 2023 01: +0,0.722,144000
Nov 02 2023 01: +0,0.705,119658
Nov 03 2023 01: +0,0.72,111486
Nov 04 2023 01: +0,0.736,108381
Nov 05 2023 01: +0,0.739,96228
Nov 06 2023 01: +0,0.738,74594
Nov 07 2023 01: +0,0.747,73836
Nov 08 2023 01: +0,0.702,118380
Nov 09 2023 01: +0,0.701,101331
Nov 10 2023 01: +0,0.703,100519
Nov 11 2023 01: +0,0.685,102802
Nov 12 2023 01: +0,0.668,88036
Nov 13 2023 01: +0,0.657,72038
Nov 14 2023 01: +0,0.621,80203
Nov 15 2023 01: +0,0.556,144604
Nov 16 2023 01: +0,0.541,101407
Nov 17 2023 01: +0,0.564,91762
Nov 18 2023 01: +0,0.566,96331
Nov 19 2023 01: +0,0.558,84467
Nov 20 2023 01: +0,0.558,66007
Nov 21 2023 01: +0,0.556,69887
Nov 22 2023 01: +0,0.526,138652
Nov 23 2023 01: +0,0.515,111720
Nov 24 2023 01: +0,0.521,108708
Nov 25 2023 01: +0,0.529,101870
Nov 26 2023 01: +0,0.545,99798
Nov 27 2023 01: +0,0.537,72229
Nov 28 2023 01: +0,0.55,71358
Nov 29 2023 01: +0,0.569,102909
Nov 30 2023 01: +0,0.584,87627
Dec 01 2023 01: +0,0.608,89769
Dec 02 2023 01: +0,0.629,93981
Dec 03 2023 01: +0,0.669,84161
Dec 04 2023 01: +0,0.671,64641
Dec 05 2023 01: +0,0.667,64528
Dec 06 2023 01: +0,0.63,108090
Dec 07 2023 01: +0,0.611,85742
Dec 08 2023 01: +0,0.619,86119
Dec 09 2023 01: +0,0.624,84424
Dec 10 2023 01: +0,0.624,72538
Dec 11 2023 01: +0,0.634,62014
Dec 12 2023 01: +0,0.649,63255
Dec 13 2023 01: +0,0.632,95504
Dec 14 2023 01: +0,0.597,84796
Dec 15 2023 01: +0,0.6,83720
Dec 16 2023 01: +0,0.599,84503
Dec 17 2023 01: +0,0.607,90355
Dec 18 2023 01: +0,0.597,60471
Dec 19 2023 01: +0,0.592,57599
Dec 20 2023 01: +0,0.558,102859
Dec 21 2023 01: +0,0.539,83569
Dec 22 2023 01: +0,0.537,93612
Dec 23 2023 01: +0,0.543,90193
Dec 24 2023 01: +0,0.538,81060
Dec 25 2023 01: +0,0.544,74721
Dec 26 2023 01: +0,0.555,76518
Dec 27 2023 01: +0,0.53,112390
Dec 28 2023 01: +0,0.523,97204
Dec 29 2023 01: +0,0.525,83983
Dec 30 2023 01: +0,0.538,84435
Dec 31 2023 01: +0,0.555,71209
Jan 01 2024 01: +0,0.556,75650
Jan 02 2024 01: +0,0.544,76183
Jan 03 2024 01: +0,0.52,111503
Jan 04 2024 01: +0,0.504,94774
Jan 05 2024 01: +0,0.511,68930
Jan 06 2024 01: +0,0.522,78765
Jan 07 2024 01: +0,0.531,77377
Jan 08 2024 01: +0,0.534,59125
Jan 09 2024 01: +0,0.533,60525
Jan 10 2024 01: +0,0.513,101351
Jan 11 2024 01: +0,0.506,76484
Jan 12 2024 01: +0,0.507,73110
Jan 13 2024 01: +0,0.503,77899
Jan 14 2024 01: +0,0.486,67373
Jan 15 2024 01: +0,0.483,63548
Jan 16 2024 01: +0,0.478,56843
Jan 17 2024 01: +0,0.45,96373
Jan 18 2024 01: +0,0.416,94726
Jan 19 2024 01: +0,0.408,98354
Jan 20 2024 01: +0,0.399,83446
Jan 21 2024 01: +0,0.399,50146
Jan 21 2024 17: +0,0.39,3871
Jan 21 2024 18: +0,0.386,4058
Jan 21 2024 19: +0,0.388,3490
Jan 21 2024 20: +0,0.386,3791
Jan 21 2024 21: +0,0.386,3374
Jan 21 2024 22: +0,0.39,3460
Jan 21 2024 23: +0,0.39,2755
Jan 22 2024 00: +0,0.392,2552
Jan 22 2024 01: +0,0.392,2088
Jan 22 2024 02: +0,0.391,1952
Jan 22 2024 03: +0,0.386,1789
Jan 22 2024 04: +0,0.39,1870
Jan 22 2024 05: +0,0.39,2266
Jan 22 2024 06: +0,0.383,2281
Jan 22 2024 07: +0,0.38,2061
Jan 22 2024 08: +0,0.38,2529
Jan 22 2024 09: +0,0.381,2934
Jan 22 2024 10: +0,0.38,2959
Jan 22 2024 11: +0,0.379,2382
Jan 22 2024 12: +0,0.378,3043
Jan 22 2024 13: +0,0.38,3638
Jan 22 2024 14: +0,0.38,3584
Jan 22 2024 15: +0,0.376,4031
Jan 22 2024 16: +0,0.375,4230
Jan 22 2024 17: +0,0.377,4563
Jan 22 2024 18: +0,0.38,4383
Jan 22 2024 19: +0,0.38,3656
Jan 22 2024 20: +0,0.38,3924
Jan 22 2024 21: +0,0.38,3112
Jan 22 2024 22: +0,0.381,2939
Jan 22 2024 23: +0,0.381,2079
Jan 23 2024 00: +0,0.388,2192
Jan 23 2024 01: +0,0.382,2273
Jan 23 2024 02: +0,0.39,2554
Jan 23 2024 03: +0,0.38,1961
Jan 23 2024 04: +0,0.38,1748
Jan 23 2024 05: +0,0.38,1691
Jan 23 2024 06: +0,0.38,1687
Jan 23 2024 07: +0,0.375,2009
Jan 23 2024 08: +0,0.374,2018
Jan 23 2024 09: +0,0.375,2954
Jan 23 2024 10: +0,0.37,2963
Jan 23 2024 11: +0,0.376,3221
Jan 23 2024 12: +0,0.375,3611
Jan 23 2024 13: +0,0.374,3655
Jan 23 2024 14: +0,0.373,5248
Jan 23 2024 15: +0,0.37,5017
Jan 23 2024 16: +0,0.37,4672
Jan 23 2024 17: +0,0.37,4998
Jan 23 2024 18: +0,0.373,4164
Jan 23 2024 19: +0,0.376,6786
Jan 23 2024 20: +0,0.381,5053
Jan 23 2024 21: +0,0.38,3640
Jan 23 2024 22: +0,0.38,4036
Jan 23 2024 23: +0,0.38,3212
Jan 24 2024 00: +0,0.388,2423
Jan 24 2024 01: +0,0.383,2191
Jan 24 2024 02: +0,0.38,3369
Jan 24 2024 03: +0,0.378,3571
Jan 24 2024 04: +0,0.37,3059
Jan 24 2024 05: +0,0.37,2547
Jan 24 2024 06: +0,0.37,2849
Jan 24 2024 07: +0,0.371,2610
Jan 24 2024 08: +0,0.37,2597
Jan 24 2024 09: +0,0.369,3280
Jan 24 2024 10: +0,0.369,3584
Jan 24 2024 11: +0,0.365,4448
Jan 24 2024 12: +0,0.364,4249
Jan 24 2024 13: +0,0.362,5833
Jan 24 2024 14: +0,0.362,6478
Jan 24 2024 15: +0,0.361,6537
Jan 24 2024 16: +0,0.361,5792
Jan 24 2024 17: +0,0.35,6079
Jan 24 2024 18: +0,0.348,5937
Jan 24 2024 19: +0,0.348,6376
Jan 24 2024 20: +0,0.347,5727
Jan 24 2024 21: +0,0.347,5451
Jan 24 2024 22: +0,0.349,4881
Jan 24 2024 23: +0,0.349,3651
Jan 25 2024 00: +0,0.346,3489
Jan 25 2024 01: +0,0.345,2377
Jan 25 2024 02: +0,0.35,2267
Jan 25 2024 03: +0,0.349,2244
Jan 25 2024 04: +0,0.35,2589
Jan 25 2024 05: +0,0.35,2496
Jan 25 2024 06: +0,0.35,2607
Jan 25 2024 07: +0,0.35,2473
Jan 25 2024 08: +0,0.35,2374
Jan 25 2024 09: +0,0.348,2622
Jan 25 2024 10: +0,0.34,2220
Jan 25 2024 11: +0,0.342,3157
Jan 25 2024 12: +0,0.342,2976
Jan 25 2024 13: +0,0.342,4120
Jan 25 2024 14: +0,0.339,3801
Jan 25 2024 15: +0,0.334,4226
Jan 25 2024 16: +0,0.336,5087
Jan 25 2024 17: +0,0.337,4337
Jan 25 2024 18: +0,0.334,4609
Jan 25 2024 19: +0,0.338,5357
Jan 25 2024 20: +0,0.33,5083
Jan 25 2024 21: +0,0.328,4241
Jan 25 2024 22: +0,0.325,4192
Jan 25 2024 23: +0,0.336,3271
Jan 26 2024 00: +0,0.337,2817
Jan 26 2024 01: +0,0.34,2263
Jan 26 2024 02: +0,0.35,2299
Jan 26 2024 03: +0,0.35,2065
Jan 26 2024 04: +0,0.35,1736
Jan 26 2024 05: +0,0.35,1468
Jan 26 2024 06: +0,0.34,1225
Jan 26 2024 07: +0,0.342,1533
Jan 26 2024 08: +0,0.338,1833
Jan 26 2024 09: +0,0.334,1886
Jan 26 2024 10: +0,0.332,2029
Jan 26 2024 11: +0,0.325,2687
Jan 26 2024 12: +0,0.333,3062
Jan 26 2024 13: +0,0.333,3242
Jan 26 2024 14: +0,0.32,5156
Jan 26 2024 15: +0,0.327,3903
Jan 26 2024 16: +0,0.335,4003
Jan 26 2024 17: +0,0.328,4071
Jan 26 2024 18: +0,0.327,5014
Jan 26 2024 19: +0,0.336,4599
Jan 26 2024 20: +0,0.347,4935
Jan 26 2024 21: +0,0.34,3987
Jan 26 2024 22: +0,0.344,4059
Jan 26 2024 23: +0,0.35,4160
Jan 27 2024 00: +0,0.355,3739
Jan 27 2024 01: +0,0.357,2713
Jan 27 2024 02: +0,0.36,2467
Jan 27 2024 03: +0,0.36,2413
Jan 27 2024 04: +0,0.36,2937
Jan 27 2024 05: +0,0.35,2482
Jan 27 2024 06: +0,0.349,2427
Jan 27 2024 07: +0,0.348,2229
Jan 27 2024 08: +0,0.35,2502
Jan 27 2024 09: +0,0.345,3019
Jan 27 2024 10: +0,0.341,3218
Jan 27 2024 11: +0,0.339,3640
Jan 27 2024 12: +0,0.337,3917
Jan 27 2024 13: +0,0.337,3613
Jan 27 2024 14: +0,0.339,4275
Jan 27 2024 15: +0,0.337,4087
Jan 27 2024 16: +0,0.331,3870
Jan 27 2024 17: +0,0.326,3585
Jan 27 2024 18: +0,0.337,4610
Jan 27 2024 19: +0,0.337,4092
Jan 27 2024 20: +0,0.337,4177
Jan 27 2024 21: +0,0.337,4668
Jan 27 2024 22: +0,0.34,4650
Jan 27 2024 23: +0,0.345,3973
Jan 28 2024 00: +0,0.348,3393
Jan 28 2024 01: +0,0.35,2838
Jan 28 2024 02: +0,0.356,2747
Jan 28 2024 03: +0,0.357,2300
Jan 28 2024 04: +0,0.35,1852
Jan 28 2024 05: +0,0.35,1888
Jan 28 2024 06: +0,0.348,1850
Jan 28 2024 07: +0,0.34,1618
Jan 28 2024 08: +0,0.34,1539
Jan 28 2024 09: +0,0.333,2661
Jan 28 2024 10: +0,0.33,3155
Jan 28 2024 11: +0,0.326,3876
Jan 28 2024 12: +0,0.326,4027
Jan 28 2024 13: +0,0.326,4367
Jan 28 2024 14: +0,0.328,3783
Jan 28 2024 15: +0,0.326,4542
Jan 28 2024 16: +0,0.326,4270
Jan 28 2024 17: +0,0.333,4994
Jan 28 2024 18: +0,0.337,4474
Jan 28 2024 19: +0,0.326,4171
Jan 28 2024 20: +0,0.326,4789
Jan 28 2024 21: +0,0.337,3694
Jan 28 2024 22: +0,0.337,3360
Jan 28 2024 23: +0,0.34,2416
Jan 29 2024 00: +0,0.341,2327
Jan 29 2024 01: +0,0.34,1823
Jan 29 2024 02: +0,0.336,2484
Jan 29 2024 03: +0,0.337,2559
Jan 29 2024 04: +0,0.34,2499
Jan 29 2024 05: +0,0.34,2881
Jan 29 2024 06: +0,0.333,2105
Jan 29 2024 07: +0,0.326,2491
Jan 29 2024 08: +0,0.326,2121
Jan 29 2024 09: +0,0.327,2149
Jan 29 2024 10: +0,0.327,2362
Jan 29 2024 11: +0,0.327,3857
Jan 29 2024 12: +0,0.327,3096
Jan 29 2024 13: +0,0.326,3254
Jan 29 2024 14: +0,0.326,3285
Jan 29 2024 15: +0,0.326,3179
Jan 29 2024 16: +0,0.326,3161
Jan 29 2024 17: +0,0.326,3701
Jan 29 2024 18: +0,0.326,4906
Jan 29 2024 19: +0,0.326,4432
Jan 29 2024 20: +0,0.326,4587
Jan 29 2024 21: +0,0.333,4131
Jan 29 2024 22: +0,0.331,3248
Jan 29 2024 23: +0,0.331,2900
Jan 30 2024 00: +0,0.335,2988
Jan 30 2024 01: +0,0.34,2191
Jan 30 2024 02: +0,0.34,1812
Jan 30 2024 03: +0,0.34,2126
Jan 30 2024 04: +0,0.336,2048
Jan 30 2024 05: +0,0.331,1719
Jan 30 2024 06: +0,0.329,1563
Jan 30 2024 07: +0,0.327,2049
Jan 30 2024 08: +0,0.328,2520
Jan 30 2024 09: +0,0.324,2271
Jan 30 2024 10: +0,0.325,2622
Jan 30 2024 11: +0,0.324,2421
Jan 30 2024 12: +0,0.324,2340
Jan 30 2024 13: +0,0.324,2739
Jan 30 2024 14: +0,0.326,3369
Jan 30 2024 15: +0,0.324,2761
Jan 30 2024 16: +0,0.324,2876
Jan 30 2024 17: +0,0.324,3224
Jan 30 2024 18: +0,0.324,3675
Jan 30 2024 19: +0,0.329,3737
Jan 30 2024 20: +0,0.329,4239
Jan 30 2024 21: +0,0.329,3252
Jan 30 2024 22: +0,0.333,3573
Jan 30 2024 23: +0,0.335,2719
Jan 31 2024 00: +0,0.336,2421
Jan 31 2024 01: +0,0.336,2202
Jan 31 2024 02: +0,0.34,2689
Jan 31 2024 03: +0,0.334,2985
Jan 31 2024 04: +0,0.324,3295
Jan 31 2024 05: +0,0.325,3793
Jan 31 2024 06: +0,0.323,3304
Jan 31 2024 07: +0,0.331,4195
Jan 31 2024 08: +0,0.331,5431
Jan 31 2024 09: +0,0.331,5930
Jan 31 2024 10: +0,0.331,4311
Jan 31 2024 11: +0,0.33,5511
Jan 31 2024 12: +0,0.314,4492
Jan 31 2024 13: +0,0.314,4983
Jan 31 2024 14: +0,0.303,5160
Jan 31 2024 15: +0,0.303,6098
Jan 31 2024 16: +0,0.303,6774
Jan 31 2024 17: +0,0.303,6828
Jan 31 2024 18: +0,0.303,6215
Jan 31 2024 19: +0,0.303,5954
Jan 31 2024 20: +0,0.303,6701
Jan 31 2024 21: +0,0.303,5846
Jan 31 2024 22: +0,0.304,4652
Jan 31 2024 23: +0,0.31,4276
Feb 01 2024 00: +0,0.31,3443
Feb 01 2024 01: +0,0.303,2715
Feb 01 2024 02: +0,0.305,2835
Feb 01 2024 03: +0,0.303,2354
Feb 01 2024 04: +0,0.31,3499
Feb 01 2024 05: +0,0.301,2508
Feb 01 2024 06: +0,0.3,2818
Feb 01 2024 07: +0,0.31,2867
Feb 01 2024 08: +0,0.305,3816
Feb 01 2024 09: +0,0.303,3383
Feb 01 2024 10: +0,0.299,3903
Feb 01 2024 11: +0,0.299,3804
Feb 01 2024 12: +0,0.3,3918
Feb 01 2024 13: +0,0.3,3911
Feb 01 2024 14: +0,0.299,5101
Feb 01 2024 15: +0,0.298,5736
Feb 01 2024 16: +0,0.293,4601
Feb 01 2024 17: +0,0.293,5929
Feb 01 2024 18: +0,0.293,5969
Feb 01 2024 19: +0,0.293,4850
Feb 01 2024 20: +0,0.3,5054
Feb 01 2024 21: +0,0.3,4434
Feb 01 2024 22: +0,0.303,4514
Feb 01 2024 23: +0,0.303,3673
Feb 02 2024 00: +0,0.303,3130
Feb 02 2024 01: +0,0.31,2670
Feb 02 2024 02: +0,0.31,3158
Feb 02 2024 03: +0,0.31,3607
Feb 02 2024 04: +0,0.3,2358
Feb 02 2024 05: +0,0.3,2658
Feb 02 2024 06: +0,0.3,1982
Feb 02 2024 07: +0,0.3,1844
Feb 02 2024 08: +0,0.3,2544
Feb 02 2024 09: +0,0.299,2167
Feb 02 2024 10: +0,0.299,3015
Feb 02 2024 11: +0,0.3,4351
Feb 02 2024 12: +0,0.299,4001
Feb 02 2024 13: +0,0.299,3711
Feb 02 2024 14: +0,0.292,3387
Feb 02 2024 15: +0,0.29,3107
Feb 02 2024 16: +0,0.29,4402
Feb 02 2024 17: +0,0.292,5186
Feb 02 2024 18: +0,0.292,5577
Feb 02 2024 19: +0,0.297,4457
Feb 02 2024 20: +0,0.3,5102
Feb 02 2024 21: +0,0.303,5019
Feb 02 2024 22: +0,0.3,4911
Feb 02 2024 23: +0,0.31,4046
Feb 03 2024 00: +0,0.313,4813
Feb 03 2024 01: +0,0.32,3495
Feb 03 2024 02: +0,0.31,3614
Feb 03 2024 03: +0,0.31,3369
Feb 03 2024 04: +0,0.31,3112
Feb 03 2024 05: +0,0.31,2913
Feb 03 2024 06: +0,0.312,2866
Feb 03 2024 07: +0,0.31,2347
Feb 03 2024 08: +0,0.31,2389
Feb 03 2024 09: +0,0.3,2843
Feb 03 2024 10: +0,0.305,3236
Feb 03 2024 11: +0,0.303,3502
Feb 03 2024 12: +0,0.31,4849
Feb 03 2024 13: +0,0.306,4937
Feb 03 2024 14: +0,0.313,4464
Feb 03 2024 15: +0,0.31,5846
Feb 03 2024 16: +0,0.303,4849
Feb 03 2024 17: +0,0.31,4872
Feb 03 2024 18: +0,0.313,4655
Feb 03 2024 19: +0,0.315,4444
Feb 03 2024 20: +0,0.32,5228
Feb 03 2024 21: +0,0.32,5271
Feb 03 2024 22: +0,0.334,4804
Feb 03 2024 23: +0,0.335,4104
Feb 04 2024 00: +0,0.335,3464
Feb 04 2024 01: +0,0.346,2928
Feb 04 2024 02: +0,0.346,2899
Feb 04 2024 03: +0,0.349,2810
Feb 04 2024 04: +0,0.35,3926
Feb 04 2024 05: +0,0.356,2798
Feb 04 2024 06: +0,0.35,3208
Feb 04 2024 07: +0,0.35,2641
Feb 04 2024 08: +0,0.346,4296
Feb 04 2024 09: +0,0.35,4263
Feb 04 2024 10: +0,0.347,3941
Feb 04 2024 11: +0,0.35,3366
Feb 04 2024 12: +0,0.356,5255
Feb 04 2024 13: +0,0.357,5213
Feb 04 2024 14: +0,0.357,5106
Feb 04 2024 15: +0,0.358,5167
Feb 04 2024 16: +0,0.355,4517
Feb 04 2024 17: +0,0.361,6330
Feb 04 2024 18: +0,0.361,5607
Feb 04 2024 19: +0,0.368,5678
Feb 04 2024 20: +0,0.367,4145
Feb 04 2024 21: +0,0.367,4238
Feb 04 2024 22: +0,0.37,4066
Feb 04 2024 23: +0,0.368,3883
Feb 05 2024 00: +0,0.37,3923
Feb 05 2024 01: +0,0.379,3093
Feb 05 2024 02: +0,0.38,2447
Feb 05 2024 03: +0,0.38,2671
Feb 05 2024 04: +0,0.39,2246
Feb 05 2024 05: +0,0.389,2409
Feb 05 2024 06: +0,0.38,2651
Feb 05 2024 07: +0,0.38,2356
Feb 05 2024 08: +0,0.382,1777
Feb 05 2024 09: +0,0.38,1885
Feb 05 2024 10: +0,0.38,1922
Feb 05 2024 11: +0,0.38,2361
Feb 05 2024 12: +0,0.378,3101
Feb 05 2024 13: +0,0.378,3235
Feb 05 2024 14: +0,0.374,3583
Feb 05 2024 15: +0,0.374,3069
Feb 05 2024 16: +0,0.378,3846
Feb 05 2024 17: +0,0.371,3384
Feb 05 2024 18: +0,0.367,3519
Feb 05 2024 19: +0,0.378,4056
Feb 05 2024 20: +0,0.378,3815
Feb 05 2024 21: +0,0.378,3566
Feb 05 2024 22: +0,0.381,3991
Feb 05 2024 23: +0,0.38,2576
Feb 06 2024 00: +0,0.38,2149
Feb 06 2024 01: +0,0.386,2091
Feb 06 2024 02: +0,0.38,1776
Feb 06 2024 03: +0,0.38,1687
Feb 06 2024 04: +0,0.372,2455
Feb 06 2024 05: +0,0.38,1616
Feb 06 2024 06: +0,0.362,1273
Feb 06 2024 07: +0,0.36,1391
Feb 06 2024 08: +0,0.36,1352
Feb 06 2024 09: +0,0.359,2297
Feb 06 2024 10: +0,0.352,2562
Feb 06 2024 11: +0,0.35,2319
Feb 06 2024 12: +0,0.354,4715
Feb 06 2024 13: +0,0.351,4197
Feb 06 2024 14: +0,0.346,3579
Feb 06 2024 15: +0,0.35,3938
Feb 06 2024 16: +0,0.346,3734
Feb 06 2024 17: +0,0.346,3592
Feb 06 2024 18: +0,0.347,3849
Feb 06 2024 19: +0,0.343,4370
Feb 06 2024 20: +0,0.345,4418
Feb 06 2024 21: +0,0.343,4285
Feb 06 2024 22: +0,0.344,3096
Feb 06 2024 23: +0,0.34,2422
Feb 07 2024 00: +0,0.34,2090
Feb 07 2024 01: +0,0.39,31997
Feb 07 2024 02: +0,0.472,47480
Feb 07 2024 03: +0,0.451,26274
Feb 07 2024 04: +0,0.35,13789
Feb 07 2024 05: +0,0.334,9562
Feb 07 2024 06: +0,0.322,9737
Feb 07 2024 07: +0,0.318,10987
Feb 07 2024 08: +0,0.303,17559
Feb 07 2024 09: +0,0.296,12106
Feb 07 2024 10: +0,0.296,12115
Feb 07 2024 11: +0,0.292,12314
Feb 07 2024 12: +0,0.295,11219
Feb 07 2024 13: +0,0.288,12070
Feb 07 2024 14: +0,0.283,11036
Feb 07 2024 15: +0,0.28,11040
Feb 07 2024 16: +0,0.285,12165
Feb 07 2024 17: +0,0.29,13195
Feb 07 2024 18: +0,0.284,11061
Feb 07 2024 19: +0,0.274,10373
Feb 07 2024 20: +0,0.273,10751
Feb 07 2024 21: +0,0.271,9162
Feb 07 2024 22: +0,0.272,9181
Feb 07 2024 23: +0,0.271,7307
Feb 08 2024 00: +0,0.277,5547
Feb 08 2024 01: +0,0.28,4931
Feb 08 2024 02: +0,0.28,4003
Feb 08 2024 03: +0,0.28,3770
Feb 08 2024 04: +0,0.28,4345
Feb 08 2024 05: +0,0.284,4068
Feb 08 2024 06: +0,0.28,3134
Feb 08 2024 07: +0,0.283,3355
Feb 08 2024 08: +0,0.287,3970
Feb 08 2024 09: +0,0.278,3499
Feb 08 2024 10: +0,0.279,4475
Feb 08 2024 11: +0,0.28,5044
Feb 08 2024 12: +0,0.28,6294
Feb 08 2024 13: +0,0.272,5503
Feb 08 2024 14: +0,0.27,6097
Feb 08 2024 15: +0,0.268,6526
Feb 08 2024 16: +0,0.269,7059
Feb 08 2024 17: +0,0.27,7660
Feb 08 2024 18: +0,0.27,7883
Feb 08 2024 19: +0,0.269,8715
Feb 08 2024 20: +0,0.272,8062
Feb 08 2024 21: +0,0.28,7806
Feb 08 2024 22: +0,0.27,6632
Feb 08 2024 23: +0,0.28,6053
Feb 09 2024 00: +0,0.28,5049
Feb 09 2024 01: +0,0.28,5387
Feb 09 2024 02: +0,0.286,4588
Feb 09 2024 03: +0,0.282,4170
Feb 09 2024 04: +0,0.289,4439
Feb 09 2024 05: +0,0.282,3718
Feb 09 2024 06: +0,0.29,3381
Feb 09 2024 07: +0,0.28,3748
Feb 09 2024 08: +0,0.28,4720
Feb 09 2024 09: +0,0.28,4486
Feb 09 2024 10: +0,0.282,3973
Feb 09 2024 11: +0,0.28,4279
Feb 09 2024 12: +0,0.276,4783
Feb 09 2024 13: +0,0.273,5173
Feb 09 2024 14: +0,0.275,6294
Feb 09 2024 15: +0,0.274,6377
Feb 09 2024 16: +0,0.278,6613
Feb 09 2024 17: +0,0.28,7662
Feb 09 2024 18: +0,0.28,7025
Feb 09 2024 19: +0,0.29,8185
Feb 09 2024 20: +0,0.296,8461
Feb 09 2024 21: +0,0.296,7813
Feb 09 2024 22: +0,0.291,7170
Feb 09 2024 23: +0,0.302,7797
Feb 10 2024 00: +0,0.303,5468
Feb 10 2024 01: +0,0.31,5603
Feb 10 2024 02: +0,0.31,4687
Feb 10 2024 03: +0,0.31,5428
Feb 10 2024 04: +0,0.306,4279
Feb 10 2024 05: +0,0.3,4023
Feb 10 2024 06: +0,0.306,4210
Feb 10 2024 07: +0,0.31,3625
Feb 10 2024 08: +0,0.302,3820
Feb 10 2024 09: +0,0.297,3816
Feb 10 2024 10: +0,0.282,4845
Feb 10 2024 11: +0,0.289,5253
Feb 10 2024 12: +0,0.286,5319
Feb 10 2024 13: +0,0.288,5083
Feb 10 2024 14: +0,0.297,6308
Feb 10 2024 15: +0,0.292,5660
Feb 10 2024 16: +0,0.292,5565
Feb 10 2024 17: +0,0.29,4901
Feb 10 2024 18: +0,0.3,6655
Feb 10 2024 19: +0,0.298,6052
Feb 10 2024 20: +0,0.302,6176
Feb 10 2024 21: +0,0.302,6609
Feb 10 2024 22: +0,0.31,6759
Feb 10 2024 23: +0,0.31,5911
Feb 11 2024 00: +0,0.313,5410
Feb 11 2024 01: +0,0.313,4458
Feb 11 2024 02: +0,0.313,4152
Feb 11 2024 03: +0,0.31,3805
Feb 11 2024 04: +0,0.31,2855
Feb 11 2024 05: +0,0.31,3326
Feb 11 2024 06: +0,0.31,2731
Feb 11 2024 07: +0,0.31,2817
Feb 11 2024 08: +0,0.305,3468
Feb 11 2024 09: +0,0.302,3323
Feb 11 2024 10: +0,0.302,4629
Feb 11 2024 11: +0,0.302,4791
Feb 11 2024 12: +0,0.3,5504
Feb 11 2024 13: +0,0.302,6141
Feb 11 2024 14: +0,0.302,7326
Feb 11 2024 15: +0,0.302,6849
Feb 11 2024 16: +0,0.302,6518
Feb 11 2024 17: +0,0.302,5718
Feb 11 2024 18: +0,0.302,5972
Feb 11 2024 19: +0,0.309,6385
Feb 11 2024 20: +0,0.31,6421
Feb 11 2024 21: +0,0.313,5615
Feb 11 2024 22: +0,0.313,5611
Feb 11 2024 23: +0,0.313,4675
Feb 12 2024 00: +0,0.32,4385
Feb 12 2024 01: +0,0.313,3182
Feb 12 2024 02: +0,0.32,3053
Feb 12 2024 03: +0,0.32,3198
Feb 12 2024 04: +0,0.32,2820
Feb 12 2024 05: +0,0.32,2963
Feb 12 2024 06: +0,0.32,2862
Feb 12 2024 07: +0,0.32,2931
Feb 12 2024 08: +0,0.31,2513
Feb 12 2024 09: +0,0.311,2766
Feb 12 2024 10: +0,0.311,3403
Feb 12 2024 11: +0,0.31,2930
Feb 12 2024 12: +0,0.306,3065
Feb 12 2024 13: +0,0.305,2824
Feb 12 2024 14: +0,0.31,3854
Feb 12 2024 15: +0,0.303,4091
Feb 12 2024 16: +0,0.303,4911
Feb 12 2024 17: +0,0.305,5444
Feb 12 2024 18: +0,0.302,6047
Feb 12 2024 19: +0,0.303,5475
Feb 12 2024 20: +0,0.313,6170
Feb 12 2024 21: +0,0.313,5816
Feb 12 2024 22: +0,0.32,5378
Feb 12 2024 23: +0,0.32,4059
Feb 13 2024 00: +0,0.32,3294
Feb 13 2024 01: +0,0.323,2884
Feb 13 2024 02: +0,0.319,2888
Feb 13 2024 03: +0,0.32,3304
Feb 13 2024 04: +0,0.319,2982
Feb 13 2024 05: +0,0.312,2324
Feb 13 2024 06: +0,0.312,2599
Feb 13 2024 07: +0,0.318,3073
Feb 13 2024 08: +0,0.31,3167
Feb 13 2024 09: +0,0.31,2725
Feb 13 2024 10: +0,0.31,3686
Feb 13 2024 11: +0,0.307,3118
Feb 13 2024 12: +0,0.301,3769
Feb 13 2024 13: +0,0.306,4759
Feb 13 2024 14: +0,0.305,3857
Feb 13 2024 15: +0,0.304,4165
Feb 13 2024 16: +0,0.308,5292
Feb 13 2024 17: +0,0.301,5124
Feb 13 2024 18: +0,0.303,4882
Feb 13 2024 19: +0,0.309,5131
Feb 13 2024 20: +0,0.305,5654
Feb 13 2024 21: +0,0.301,4864
Feb 13 2024 22: +0,0.3,4772
Feb 13 2024 23: +0,0.3,3715
Feb 14 2024 00: +0,0.308,2750
Feb 14 2024 01: +0,0.3,2856
Feb 14 2024 02: +0,0.301,3126
Feb 14 2024 03: +0,0.291,3506
Feb 14 2024 04: +0,0.3,3850
Feb 14 2024 05: +0,0.29,3761
Feb 14 2024 06: +0,0.292,3361
Feb 14 2024 07: +0,0.289,3232
Feb 14 2024 08: +0,0.287,3452
Feb 14 2024 09: +0,0.28,4996
Feb 14 2024 10: +0,0.28,5112
Feb 14 2024 11: +0,0.28,5174
Feb 14 2024 12: +0,0.278,5830
Feb 14 2024 13: +0,0.278,6761
Feb 14 2024 14: +0,0.279,7417
Feb 14 2024 15: +0,0.275,6880
Feb 14 2024 16: +0,0.276,8299
Feb 14 2024 17: +0,0.278,8331
Feb 14 2024 18: +0,0.279,8104
Feb 14 2024 19: +0,0.276,8039
Feb 14 2024 20: +0,0.274,8546
Feb 14 2024 21: +0,0.279,7585
Feb 14 2024 22: +0,0.28,8049
Feb 14 2024 23: +0,0.282,6789
Feb 15 2024 00: +0,0.28,4541
Feb 15 2024 01: +0,0.28,3196
Feb 15 2024 02: +0,0.288,3987
Feb 15 2024 03: +0,0.289,3511
Feb 15 2024 04: +0,0.289,3115
Feb 15 2024 05: +0,0.29,3464
Feb 15 2024 06: +0,0.287,3035
Feb 15 2024 07: +0,0.289,3764
Feb 15 2024 08: +0,0.278,3679
Feb 15 2024 09: +0,0.279,3392
Feb 15 2024 10: +0,0.278,3821
Feb 15 2024 11: +0,0.279,4373
Feb 15 2024 12: +0,0.278,4295
Feb 15 2024 13: +0,0.276,4419
Feb 15 2024 14: +0,0.279,5983
Feb 15 2024 15: +0,0.279,7301
Feb 15 2024 16: +0,0.279,6323
Feb 15 2024 17: +0,0.279,6828
Feb 15 2024 18: +0,0.279,7935
Feb 15 2024 19: +0,0.28,8276
Feb 15 2024 20: +0,0.288,7877
Feb 15 2024 21: +0,0.283,7169
Feb 15 2024 22: +0,0.28,6605
Feb 15 2024 23: +0,0.289,5577
Feb 16 2024 00: +0,0.289,4105
Feb 16 2024 01: +0,0.29,3985
Feb 16 2024 02: +0,0.29,3783
Feb 16 2024 03: +0,0.29,3161
Feb 16 2024 04: +0,0.287,3224
Feb 16 2024 05: +0,0.289,3008
Feb 16 2024 06: +0,0.289,3213
Feb 16 2024 07: +0,0.28,2834
Feb 16 2024 08: +0,0.28,3493
Feb 16 2024 09: +0,0.28,3833
Feb 16 2024 10: +0,0.28,4217
Feb 16 2024 11: +0,0.28,5724
Feb 16 2024 12: +0,0.289,6391
Feb 16 2024 13: +0,0.28,4643
Feb 16 2024 14: +0,0.28,5015
Feb 16 2024 15: +0,0.279,5621
Feb 16 2024 16: +0,0.28,5843
Feb 16 2024 17: +0,0.28,7310
Feb 16 2024 18: +0,0.276,6552
Feb 16 2024 19: +0,0.28,6863
Feb 16 2024 20: +0,0.28,6831
Feb 16 2024 21: +0,0.285,6992
Feb 16 2024 22: +0,0.281,6718
Feb 16 2024 23: +0,0.28,5838
Feb 17 2024 00: +0,0.289,6137
Feb 17 2024 01: +0,0.29,5045
Feb 17 2024 02: +0,0.29,5141
Feb 17 2024 03: +0,0.29,5083
Feb 17 2024 04: +0,0.29,4681
Feb 17 2024 05: +0,0.29,4331
Feb 17 2024 06: +0,0.29,4238
Feb 17 2024 07: +0,0.29,4067
Feb 17 2024 08: +0,0.287,3812
Feb 17 2024 09: +0,0.279,4464
Feb 17 2024 10: +0,0.278,4118
Feb 17 2024 11: +0,0.279,5170
Feb 17 2024 12: +0,0.278,5560
Feb 17 2024 13: +0,0.279,5500
Feb 17 2024 14: +0,0.275,6055
Feb 17 2024 15: +0,0.27,6118
Feb 17 2024 16: +0,0.275,7263
Feb 17 2024 17: +0,0.278,7430
Feb 17 2024 18: +0,0.277,6056
Feb 17 2024 19: +0,0.279,6760
Feb 17 2024 20: +0,0.279,6816
Feb 17 2024 21: +0,0.28,7148
Feb 17 2024 22: +0,0.287,6701
Feb 17 2024 23: +0,0.281,6767
Feb 18 2024 00: +0,0.286,6283
Feb 18 2024 01: +0,0.29,4051
Feb 18 2024 02: +0,0.29,4848
Feb 18 2024 03: +0,0.29,8097
Feb 18 2024 04: +0,0.29,3816
Feb 18 2024 05: +0,0.289,3669
Feb 18 2024 06: +0,0.29,3701
Feb 18 2024 07: +0,0.28,4084
Feb 18 2024 08: +0,0.28,3887
Feb 18 2024 09: +0,0.279,4502
Feb 18 2024 10: +0,0.279,4631
Feb 18 2024 11: +0,0.279,5957
Feb 18 2024 12: +0,0.275,6685
Feb 18 2024 13: +0,0.274,6161
Feb 18 2024 14: +0,0.274,6781
Feb 18 2024 15: +0,0.276,6408
Feb 18 2024 16: +0,0.276,6593
Feb 18 2024 17: +0,0.276,6588
Feb 18 2024 18: +0,0.279,6126
Feb 18 2024 19: +0,0.279,6428
Feb 18 2024 20: +0,0.28,6299
Feb 18 2024 21: +0,0.28,5998
Feb 18 2024 22: +0,0.279,5157
Feb 18 2024 23: +0,0.28,4187
Feb 19 2024 00: +0,0.28,3157
Feb 19 2024 01: +0,0.288,2815
Feb 19 2024 02: +0,0.285,2566
Feb 19 2024 03: +0,0.28,2915
Feb 19 2024 04: +0,0.28,2606
Feb 19 2024 05: +0,0.279,2897
Feb 19 2024 06: +0,0.276,2945
Feb 19 2024 07: +0,0.276,2888
Feb 19 2024 08: +0,0.28,3582
Feb 19 2024 09: +0,0.278,2975
Feb 19 2024 10: +0,0.275,3691
Feb 19 2024 11: +0,0.277,3939
Feb 19 2024 12: +0,0.276,5040
Feb 19 2024 13: +0,0.275,4630
Feb 19 2024 14: +0,0.274,4262
Feb 19 2024 15: +0,0.274,4531
Feb 19 2024 16: +0,0.276,4880
Feb 19 2024 17: +0,0.276,4758
Feb 19 2024 18: +0,0.276,5956
Feb 19 2024 19: +0,0.279,5767
Feb 19 2024 20: +0,0.279,6399
Feb 19 2024 21: +0,0.28,6158
Feb 19 2024 22: +0,0.279,5454
Feb 19 2024 23: +0,0.28,4543
Feb 20 2024 00: +0,0.281,3502
Feb 20 2024 01: +0,0.28,3229
Feb 20 2024 02: +0,0.28,2783
Feb 20 2024 03: +0,0.28,3436
Feb 20 2024 04: +0,0.274,4015
Feb 20 2024 05: +0,0.276,3599
Feb 20 2024 06: +0,0.279,3634
Feb 20 2024 07: +0,0.276,2849
Feb 20 2024 08: +0,0.276,3798
Feb 20 2024 09: +0,0.272,2729
Feb 20 2024 10: +0,0.273,2856
Feb 20 2024 11: +0,0.273,3126
Feb 20 2024 12: +0,0.27,3780
Feb 20 2024 13: +0,0.269,3395
Feb 20 2024 14: +0,0.27,4134
Feb 20 2024 15: +0,0.269,4996
Feb 20 2024 16: +0,0.268,4559
Feb 20 2024 17: +0,0.268,4565
Feb 20 2024 18: +0,0.27,5079
Feb 20 2024 19: +0,0.269,5557
Feb 20 2024 20: +0,0.27,5076
Feb 20 2024 21: +0,0.27,5602
Feb 20 2024 22: +0,0.27,5095
Feb 20 2024 23: +0,0.271,4482
Feb 21 2024 00: +0,0.276,4786
Feb 21 2024 01: +0,0.28,3592
Feb 21 2024 02: +0,0.28,3527
Feb 21 2024 03: +0,0.272,4324
Feb 21 2024 04: +0,0.273,3957
Feb 21 2024 05: +0,0.271,3729
Feb 21 2024 06: +0,0.27,3637
Feb 21 2024 07: +0,0.27,3853
Feb 21 2024 08: +0,0.267,4309
Feb 21 2024 09: +0,0.265,4617
Feb 21 2024 10: +0,0.262,5501
Feb 21 2024 11: +0,0.263,4841
Feb 21 2024 12: +0,0.26,5181
Feb 21 2024 13: +0,0.262,6047
Feb 21 2024 14: +0,0.26,6290
Feb 21 2024 15: +0,0.26,6652
